{
    "xgboost": {
        "accuracy": 0.821486268174475
    },
    "lstm": {
        "rmse": 18.030400988089248,
        "mae": 15.185632535444515
    }
}